Podcast Name,podcast,title,pub_date,mp3_url,episode_page,feed_url
Soziale Arbeit - Fachgespräch OST,https://ost-sa-fachgespraeche.podigee.io,ÂḋJugendarbeit und die Soziale ArbeitÂṠ â FachgesprÃĊch mit Andrea Thoma und Stephan Schlenker,"Thu, 13 Nov 2025 06:00:00 +0000",https://audio.podigee-cdn.net/2206998-m-1bcc995719b20eaf2390b0a8f6a0135e.mp3?source=feed,https://ost-sa-fachgespraeche.podigee.io/feed/mp3,https://ost-sa-fachgespraeche.podigee.io/feed/mp3
Soziale Arbeit - Fachgespräch OST,https://ost-sa-fachgespraeche.podigee.io,ÂḋKI in der Sozialen ArbeitÂṠ â FachgesprÃĊch mit David Moos und Sophie Rudolph,"Thu, 02 Oct 2025 05:00:00 +0000",https://audio.podigee-cdn.net/2134620-m-2c5d6bb04fabb2584e58acde9385b3e6.mp3?source=feed,https://ost-sa-fachgespraeche.podigee.io/feed/mp3,https://ost-sa-fachgespraeche.podigee.io/feed/mp3
Soziale Arbeit - Fachgespräch OST,https://ost-sa-fachgespraeche.podigee.io,ÂḋSelbstbestimmung in der Sozialen ArbeitÂṠ â FachgesprÃĊch mit Corinne Wohlgensinger und Karin Zingg,"Tue, 22 Apr 2025 05:00:00 +0000",https://audio.podigee-cdn.net/1786045-m-fe705dbc852e3740da88c97cc3462eda.mp3?source=feed,https://ost-sa-fachgespraeche.podigee.io/feed/mp3,https://ost-sa-fachgespraeche.podigee.io/feed/mp3
Soziale Arbeit - Fachgespräch OST,https://ost-sa-fachgespraeche.podigee.io,ÂḋMentale Gesundheit in der Sozialen ArbeitÂṠ â FachgesprÃĊch mit Stefan Paulus,"Wed, 12 Feb 2025 06:00:00 +0000",https://audio.podigee-cdn.net/1786046-m-a68f640d9ef21664cebe83b59f6f3162.mp3?source=feed,https://ost-sa-fachgespraeche.podigee.io/feed/mp3,https://ost-sa-fachgespraeche.podigee.io/feed/mp3
Soziale Arbeit - Fachgespräch OST,https://ost-sa-fachgespraeche.podigee.io,ÂḋMÃĊnner in der Sozialen ArbeitÂṠ â FachgesprÃĊch mit Steve Stiehler,"Thu, 03 Oct 2024 05:00:00 +0000",https://audio.podigee-cdn.net/1603649-m-f97a6910e9d8d429831de17ca627a681.mp3?source=feed,https://ost-sa-fachgespraeche.podigee.io/feed/mp3,https://ost-sa-fachgespraeche.podigee.io/feed/mp3
Soziale Arbeit - Fachgespräch OST,https://ost-sa-fachgespraeche.podigee.io,ÂḋLebenswertes Leben und Soziale ArbeitÂṠ â FachgesprÃĊch mit Rudi Maier,"Thu, 23 May 2024 05:00:00 +0000",https://audio.podigee-cdn.net/1474695-m-4d2a353bf482abaaf21253b689bb64a1.mp3?source=feed,https://ost-sa-fachgespraeche.podigee.io/feed/mp3,https://ost-sa-fachgespraeche.podigee.io/feed/mp3
Soziale Arbeit - Fachgespräch OST,https://ost-sa-fachgespraeche.podigee.io,ÂḋEthik in der Sozialen ArbeitÂṠ â FachgesprÃĊch mit Mathias Lindenau,"Thu, 28 Mar 2024 06:00:00 +0000",https://audio.podigee-cdn.net/1418255-m-c02197e2ca085203990170588dad23ca.mp3?source=feed,https://ost-sa-fachgespraeche.podigee.io/feed/mp3,https://ost-sa-fachgespraeche.podigee.io/feed/mp3
Soziale Arbeit - Fachgespräch OST,https://ost-sa-fachgespraeche.podigee.io,ÂḋPolitik in der Sozialen ArbeitÂṠ â FachgesprÃĊch mit Kathrin Amann und Tobias Kindler,"Thu, 01 Feb 2024 06:00:00 +0000",https://audio.podigee-cdn.net/1351429-m-52ed4b9b485eb0454891e6587b6189ca.mp3?source=feed,https://ost-sa-fachgespraeche.podigee.io/feed/mp3,https://ost-sa-fachgespraeche.podigee.io/feed/mp3
Soziale Arbeit - Fachgespräch OST,https://ost-sa-fachgespraeche.podigee.io,ÂḋHerausforderung Schule & SchulsozialpÃĊdagogikÂṠ â FachgesprÃĊch mit Martina Good & Regina Hiller,"Tue, 12 Dec 2023 08:00:00 +0000",https://audio.podigee-cdn.net/1301079-m-e14429cfb9e97d47e86d161a86cdb555.mp3?source=feed,https://ost-sa-fachgespraeche.podigee.io/feed/mp3,https://ost-sa-fachgespraeche.podigee.io/feed/mp3
Soziale Arbeit - Fachgespräch OST,https://ost-sa-fachgespraeche.podigee.io,ÂḋHÃĊusliche GewaltÂṠ â FachgesprÃĊch OST mit Gabriella Schmid,"Thu, 17 Nov 2022 06:00:00 +0000",https://audio.podigee-cdn.net/863271-m-1005bdeda9c9f1907a9abbbff3ff6376.mp3?source=feed,https://ost-sa-fachgespraeche.podigee.io/feed/mp3,https://ost-sa-fachgespraeche.podigee.io/feed/mp3
Soziale Arbeit - Fachgespräch OST,https://ost-sa-fachgespraeche.podigee.io,ÂḋDokumentation und AktenfÃỳhrung in der Sozialen ArbeitÂṠ â FachgesprÃĊch OST mit Matthias Weber,"Thu, 20 Oct 2022 05:00:00 +0000",https://audio.podigee-cdn.net/845717-m-e32d6627ce5bb150daa279aa54cda3f4.mp3?source=feed,https://ost-sa-fachgespraeche.podigee.io/feed/mp3,https://ost-sa-fachgespraeche.podigee.io/feed/mp3
Soziale Arbeit - Fachgespräch OST,https://ost-sa-fachgespraeche.podigee.io,ÂḋQuo Vadis Soziale ArbeitÂṠ â FachgesprÃĊch OST mit Thomas Knill,"Thu, 22 Sep 2022 05:00:00 +0000",https://audio.podigee-cdn.net/845720-m-885d1b91ae6fbdd50c4d1e52a56b3ba5.mp3?source=feed,https://ost-sa-fachgespraeche.podigee.io/feed/mp3,https://ost-sa-fachgespraeche.podigee.io/feed/mp3
Soziale Arbeit - Fachgespräch OST,https://ost-sa-fachgespraeche.podigee.io,ÂḋHerausforderung KindheitÂṠ â FachgesprÃĊch OST mit Mandy Falkenreck,"Thu, 25 Aug 2022 05:00:00 +0000",https://audio.podigee-cdn.net/845716-m-b84e25f53bb5a7d763eccfea17b90cee.mp3?source=feed,https://ost-sa-fachgespraeche.podigee.io/feed/mp3,https://ost-sa-fachgespraeche.podigee.io/feed/mp3
Soziale Arbeit - Fachgespräch OST,https://ost-sa-fachgespraeche.podigee.io,ÂḋMedienpÃĊdagogik & DigitalitÃĊtÂṠ â FachgesprÃĊch OST mit Selina Ingold,"Thu, 24 Mar 2022 06:00:00 +0000",https://audio.podigee-cdn.net/662937-m-9f50fe321ed04e28b75a7f6e2a9ea35a.mp3?source=feed,https://ost-sa-fachgespraeche.podigee.io/feed/mp3,https://ost-sa-fachgespraeche.podigee.io/feed/mp3
Soziale Arbeit - Fachgespräch OST,https://ost-sa-fachgespraeche.podigee.io,ÂḋDigitale GemeinschaftÂṠ â FachgesprÃĊch OST mit Dani Fels,"Thu, 10 Mar 2022 05:30:00 +0000",https://audio.podigee-cdn.net/662935-m-6d0a929eb363bc1f103e61b913700885.mp3?source=feed,https://ost-sa-fachgespraeche.podigee.io/feed/mp3,https://ost-sa-fachgespraeche.podigee.io/feed/mp3
IdeeQuadrat- Transforming Social Organizations,https://ideequadrat.podigee.io,FachkrÃĊftemangel Episode 3: Was WOLLEN wir uns in Zukunft leisten?,"Wed, 19 Nov 2025 06:13:00 +0000",https://audio.podigee-cdn.net/2215069-m-54d850bd7c72a7bdaeca6f173806d3b1.mp3?source=feed,https://ideequadrat.podigee.io/feed/mp3,https://ideequadrat.podigee.io/feed/mp3
IdeeQuadrat- Transforming Social Organizations,https://ideequadrat.podigee.io,FachkrÃĊftemangel Episode 2: Eine Chance fÃỳr Professionalisierung?,"Thu, 02 Oct 2025 15:20:24 +0000",https://audio.podigee-cdn.net/2141037-m-0c85fafefde67404348c0674095239ce.mp3?source=feed,https://ideequadrat.podigee.io/feed/mp3,https://ideequadrat.podigee.io/feed/mp3
IdeeQuadrat- Transforming Social Organizations,https://ideequadrat.podigee.io,FachkrÃĊftemangel Episode 1: Die Gefahr der Deprofessionalisierung,"Mon, 21 Jul 2025 04:17:00 +0000",https://audio.podigee-cdn.net/2024475-m-ae9a893128196c84e0d4b4294a666060.mp3?source=feed,https://ideequadrat.podigee.io/feed/mp3,https://ideequadrat.podigee.io/feed/mp3
IdeeQuadrat- Transforming Social Organizations,https://ideequadrat.podigee.io,FachkrÃĊftemangel Episode 0: EinfÃỳhrung in die Staffel zum FachkrÃĊftemangel in der Sozialwirtschaft,"Fri, 11 Jul 2025 14:50:12 +0000",https://audio.podigee-cdn.net/2004984-m-4bee3d7df8bfdec471b7b9540bff8f9c.mp3?source=feed,https://ideequadrat.podigee.io/feed/mp3,https://ideequadrat.podigee.io/feed/mp3
IdeeQuadrat- Transforming Social Organizations,https://ideequadrat.podigee.io,New Work in der Sozialen Arbeit - ein StreitgesprÃĊch,"Mon, 23 Dec 2024 05:54:00 +0000",https://audio.podigee-cdn.net/1727358-m-7e8c528d6ca893d3d82b4e84edae2c43.mp3?source=feed,https://ideequadrat.podigee.io/feed/mp3,https://ideequadrat.podigee.io/feed/mp3
IdeeQuadrat- Transforming Social Organizations,https://ideequadrat.podigee.io,"Wie gelingt Zellstrukturdesign bei der AWO, Josephine Gauselmann?","Wed, 17 Jul 2024 06:40:52 +0000",https://audio.podigee-cdn.net/1535400-m-8e247b101718db95fae4321daf833ec8.mp3?source=feed,https://ideequadrat.podigee.io/feed/mp3,https://ideequadrat.podigee.io/feed/mp3
IdeeQuadrat- Transforming Social Organizations,https://ideequadrat.podigee.io,"Fachcamp Soziale Arbeit - warum, was, wie und wozu eigentlich?","Thu, 13 Jun 2024 04:40:00 +0000",https://audio.podigee-cdn.net/1499189-m-52cb686400f87b55c77057b867d25fcb.mp3?source=feed,https://ideequadrat.podigee.io/feed/mp3,https://ideequadrat.podigee.io/feed/mp3
IdeeQuadrat- Transforming Social Organizations,https://ideequadrat.podigee.io,"Hackathon - geht das auch bei der AWO, Matthias Schug?","Wed, 20 Mar 2024 16:09:52 +0000",https://audio.podigee-cdn.net/1405365-m-cdf190f3f7a0917201ce0945d85f6de8.mp3?source=feed,https://ideequadrat.podigee.io/feed/mp3,https://ideequadrat.podigee.io/feed/mp3
IdeeQuadrat- Transforming Social Organizations,https://ideequadrat.podigee.io,"Wie kann man Gedenken schenken, Felix Meindl?","Tue, 28 Nov 2023 06:21:44 +0000",https://audio.podigee-cdn.net/1292835-m-6584bdc1602cd8232b9cd8b153d6f7d3.mp3?source=feed,https://ideequadrat.podigee.io/feed/mp3,https://ideequadrat.podigee.io/feed/mp3
IdeeQuadrat- Transforming Social Organizations,https://ideequadrat.podigee.io,Warum wird's nicht besser?,"Fri, 08 Sep 2023 04:30:00 +0000",https://audio.podigee-cdn.net/1208425-m-dc73f42aaff6118cf7b9322c0a82e24e.mp3?source=feed,https://ideequadrat.podigee.io/feed/mp3,https://ideequadrat.podigee.io/feed/mp3
IdeeQuadrat- Transforming Social Organizations,https://ideequadrat.podigee.io,"Wie entwickelt man die Sozialberatung der Zukunft, Patrick Ehmann?","Mon, 17 Jul 2023 06:23:13 +0000",https://audio.podigee-cdn.net/1163596-m-3f5ef8ce90505725da54b1afc9e57bd5.mp3?source=feed,https://ideequadrat.podigee.io/feed/mp3,https://ideequadrat.podigee.io/feed/mp3
IdeeQuadrat- Transforming Social Organizations,https://ideequadrat.podigee.io,Ehrliche EffektivitÃĊt,"Fri, 16 Jun 2023 05:48:16 +0000",https://audio.podigee-cdn.net/1135598-m-558bd5732ec13d76f9bc7ac8bb177202.mp3?source=feed,https://ideequadrat.podigee.io/feed/mp3,https://ideequadrat.podigee.io/feed/mp3
IdeeQuadrat- Transforming Social Organizations,https://ideequadrat.podigee.io,FÃỳhrung in Zeiten des FachkrÃĊftemangels!,"Fri, 02 Jun 2023 04:30:00 +0000",https://audio.podigee-cdn.net/1121469-m-d470caa0866d547b4960934bea17c7c4.mp3?source=feed,https://ideequadrat.podigee.io/feed/mp3,https://ideequadrat.podigee.io/feed/mp3
IdeeQuadrat- Transforming Social Organizations,https://ideequadrat.podigee.io,New Social Work - eine Definition,"Fri, 26 May 2023 04:30:00 +0000",https://audio.podigee-cdn.net/1115830-m-dac7acc7c3686da39f678d4810893547.mp3?source=feed,https://ideequadrat.podigee.io/feed/mp3,https://ideequadrat.podigee.io/feed/mp3
IdeeQuadrat- Transforming Social Organizations,https://ideequadrat.podigee.io,Ideale vs. RealitÃĊten!,"Fri, 19 May 2023 04:45:00 +0000",https://audio.podigee-cdn.net/1108480-m-fe0fd37410e63e3ae615e6beb4ebcfc4.mp3?source=feed,https://ideequadrat.podigee.io/feed/mp3,https://ideequadrat.podigee.io/feed/mp3
IdeeQuadrat- Transforming Social Organizations,https://ideequadrat.podigee.io,"Effizienz, Baby!","Fri, 12 May 2023 04:15:00 +0000",https://audio.podigee-cdn.net/1100797-m-3c3e1e84b7c05d759d0a52d4fbdee053.mp3?source=feed,https://ideequadrat.podigee.io/feed/mp3,https://ideequadrat.podigee.io/feed/mp3
IdeeQuadrat- Transforming Social Organizations,https://ideequadrat.podigee.io,Wo ich mir keine Sorgen mache (und wo doch)!,"Fri, 28 Apr 2023 04:15:00 +0000",https://audio.podigee-cdn.net/1088124-m-8c1de8a6a96edd8e3fdb2f509412e787.mp3?source=feed,https://ideequadrat.podigee.io/feed/mp3,https://ideequadrat.podigee.io/feed/mp3
IdeeQuadrat- Transforming Social Organizations,https://ideequadrat.podigee.io,Soziale Arbeit geht auch anders! - Im GesprÃĊch mit der sozKom GmbH & Co KG,"Wed, 12 Apr 2023 04:55:00 +0000",https://audio.podigee-cdn.net/1072194-m-b10d240b6b3e0ad6ad390dd7c67c2743.mp3?source=feed,https://ideequadrat.podigee.io/feed/mp3,https://ideequadrat.podigee.io/feed/mp3
IdeeQuadrat- Transforming Social Organizations,https://ideequadrat.podigee.io,Das Ende toxischer FÃỳhrung!,"Fri, 31 Mar 2023 04:30:00 +0000",https://audio.podigee-cdn.net/1061639-m-7dc3ea98b9d7b723a686e533ae1347f7.mp3?source=feed,https://ideequadrat.podigee.io/feed/mp3,https://ideequadrat.podigee.io/feed/mp3
IdeeQuadrat- Transforming Social Organizations,https://ideequadrat.podigee.io,Wir brauchen mehr als Innovation!,"Fri, 24 Mar 2023 05:30:00 +0000",https://audio.podigee-cdn.net/1053425-m-5c6f9bb315013d01be336e65cdbe072c.mp3?source=feed,https://ideequadrat.podigee.io/feed/mp3,https://ideequadrat.podigee.io/feed/mp3
IdeeQuadrat- Transforming Social Organizations,https://ideequadrat.podigee.io,Soziale Organisationen zwischen Vielfalt und Einheit,"Mon, 20 Mar 2023 06:35:00 +0000",https://audio.podigee-cdn.net/1048256-m-7d33ca96a913a1d33c31a8a1c30df7bd.mp3?source=feed,https://ideequadrat.podigee.io/feed/mp3,https://ideequadrat.podigee.io/feed/mp3
IdeeQuadrat- Transforming Social Organizations,https://ideequadrat.podigee.io,Form doesn't follow function,"Fri, 17 Mar 2023 04:30:00 +0000",https://audio.podigee-cdn.net/1048316-m-cefffc4ad79f6ba56d996f718dab5a3c.mp3?source=feed,https://ideequadrat.podigee.io/feed/mp3,https://ideequadrat.podigee.io/feed/mp3
IdeeQuadrat- Transforming Social Organizations,https://ideequadrat.podigee.io,Mythen der Selbstorganisation,"Fri, 10 Mar 2023 05:30:00 +0000",https://audio.podigee-cdn.net/1041614-m-084bd5248ce0624d4eac0088bbd22684.mp3?source=feed,https://ideequadrat.podigee.io/feed/mp3,https://ideequadrat.podigee.io/feed/mp3
IdeeQuadrat- Transforming Social Organizations,https://ideequadrat.podigee.io,Ãber Generationen,"Fri, 03 Mar 2023 05:30:00 +0000",https://audio.podigee-cdn.net/1034588-m-bf2355fc7957d74cbe69fdc0cccee724.mp3?source=feed,https://ideequadrat.podigee.io/feed/mp3,https://ideequadrat.podigee.io/feed/mp3
IdeeQuadrat- Transforming Social Organizations,https://ideequadrat.podigee.io,Kann das weg?,"Fri, 24 Feb 2023 05:45:00 +0000",https://audio.podigee-cdn.net/1026788-m-dbbe91ca27a32df06d5f91086996f3c9.mp3?source=feed,https://ideequadrat.podigee.io/feed/mp3,https://ideequadrat.podigee.io/feed/mp3
IdeeQuadrat- Transforming Social Organizations,https://ideequadrat.podigee.io,What the Fuck!?,"Fri, 17 Feb 2023 05:45:00 +0000",https://audio.podigee-cdn.net/1021527-m-4848d2d7cd0ac4fdb598a836f49f1465.mp3?source=feed,https://ideequadrat.podigee.io/feed/mp3,https://ideequadrat.podigee.io/feed/mp3
IdeeQuadrat- Transforming Social Organizations,https://ideequadrat.podigee.io,New Work - Kultur oder Struktur?,"Fri, 10 Feb 2023 05:45:00 +0000",https://audio.podigee-cdn.net/1013859-m-8c6bee0a5d54c5c8a9a4c7eb09c3ec8a.mp3?source=feed,https://ideequadrat.podigee.io/feed/mp3,https://ideequadrat.podigee.io/feed/mp3
IdeeQuadrat- Transforming Social Organizations,https://ideequadrat.podigee.io,Aber wir sind doch schon agil...,"Fri, 03 Feb 2023 05:30:00 +0000",https://audio.podigee-cdn.net/1008268-m-d36b83b92c1050c708bafb0fff724cc0.mp3?source=feed,https://ideequadrat.podigee.io/feed/mp3,https://ideequadrat.podigee.io/feed/mp3
IdeeQuadrat- Transforming Social Organizations,https://ideequadrat.podigee.io,Ambidextrie reicht nicht!,"Fri, 27 Jan 2023 05:30:00 +0000",https://audio.podigee-cdn.net/1001025-m-435a31499f574354276c2b165641e623.mp3?source=feed,https://ideequadrat.podigee.io/feed/mp3,https://ideequadrat.podigee.io/feed/mp3
IdeeQuadrat- Transforming Social Organizations,https://ideequadrat.podigee.io,"Angst und Selbstorganisation, oder:","Thu, 19 Jan 2023 11:15:57 +0000",https://audio.podigee-cdn.net/994299-m-006b07c87758b865074cec38317471d6.mp3?source=feed,https://ideequadrat.podigee.io/feed/mp3,https://ideequadrat.podigee.io/feed/mp3
IdeeQuadrat- Transforming Social Organizations,https://ideequadrat.podigee.io,Teaser zu Staffel III des IdeeQuadrat Podcast,"Thu, 12 Jan 2023 08:59:19 +0000",https://audio.podigee-cdn.net/987873-m-237d6889648cbe80e032f6413d8b9fa5.mp3?source=feed,https://ideequadrat.podigee.io/feed/mp3,https://ideequadrat.podigee.io/feed/mp3
IdeeQuadrat- Transforming Social Organizations,https://ideequadrat.podigee.io,"Was ist KomplexitÃĊt, Stephanie Borgert?","Wed, 28 Apr 2021 10:45:16 +0000",https://audio.podigee-cdn.net/437964-m-0ea3ac0c66014b9d4e87eee040eba57b.mp3?source=feed,https://ideequadrat.podigee.io/feed/mp3,https://ideequadrat.podigee.io/feed/mp3
IdeeQuadrat- Transforming Social Organizations,https://ideequadrat.podigee.io,"Wie grÃỳndet man eine digitale Fachschule fÃỳr HeilpÃĊdagogik, Alicia Sailer?","Mon, 05 Apr 2021 07:25:00 +0000",https://audio.podigee-cdn.net/416320-m-d3ec801d660237a3a6d4ec0685c88cc5.mp3?source=feed,https://ideequadrat.podigee.io/feed/mp3,https://ideequadrat.podigee.io/feed/mp3
IdeeQuadrat- Transforming Social Organizations,https://ideequadrat.podigee.io,"Was ist (Deine Vision von) New Work, Christine Jung?","Mon, 15 Mar 2021 14:35:18 +0000",https://audio.podigee-cdn.net/404292-m-425925bbfab11ce175cb85a1f8b9405a.mp3?source=feed,https://ideequadrat.podigee.io/feed/mp3,https://ideequadrat.podigee.io/feed/mp3
IdeeQuadrat- Transforming Social Organizations,https://ideequadrat.podigee.io,"Wie gelingt SelbstfÃỳhrung, Lars Bobach?","Sun, 28 Feb 2021 14:00:43 +0000",https://audio.podigee-cdn.net/393368-m-c7aa2d155c8af34b8ef8e1ee37ebc36c.mp3?source=feed,https://ideequadrat.podigee.io/feed/mp3,https://ideequadrat.podigee.io/feed/mp3
IdeeQuadrat- Transforming Social Organizations,https://ideequadrat.podigee.io,Werkraum Zukunft #2: Diversity und (soziale) Innovation,"Fri, 19 Feb 2021 11:10:46 +0000",https://audio.podigee-cdn.net/386640-m-f29b079e8066808ec753cbee02ae1c2b.mp3?source=feed,https://ideequadrat.podigee.io/feed/mp3,https://ideequadrat.podigee.io/feed/mp3
IdeeQuadrat- Transforming Social Organizations,https://ideequadrat.podigee.io,"Wie geht innovative Kirche der Zukunft, Maria Herrmann?","Sun, 17 Jan 2021 07:35:00 +0000",https://audio.podigee-cdn.net/361251-m-142e154912895474d3e02c0e11e10f6a.mp3?source=feed,https://ideequadrat.podigee.io/feed/mp3,https://ideequadrat.podigee.io/feed/mp3
IdeeQuadrat- Transforming Social Organizations,https://ideequadrat.podigee.io,"WerkraumZukunft #1: Warum beschÃĊftigt uns das Thema Nachhaltigkeit in der Sozialwirtschaft, Peter Stepanek","Fri, 18 Dec 2020 07:10:34 +0000",https://audio.podigee-cdn.net/346331-m-10bf165771df7cd6c5afcba0b54bbde6.mp3?source=feed,https://ideequadrat.podigee.io/feed/mp3,https://ideequadrat.podigee.io/feed/mp3
IdeeQuadrat- Transforming Social Organizations,https://ideequadrat.podigee.io,"Wie geht Ambidextrie, Dr. Gudrun TÃ¶pfer?","Thu, 03 Dec 2020 06:55:50 +0000",https://audio.podigee-cdn.net/335975-m-b9a41a5249b795f807f467b62150a8c0.mp3?source=feed,https://ideequadrat.podigee.io/feed/mp3,https://ideequadrat.podigee.io/feed/mp3
IdeeQuadrat- Transforming Social Organizations,https://ideequadrat.podigee.io,"Wie geht kollegiale FÃỳhrung, Dr. Christian Geyer?","Mon, 09 Nov 2020 15:03:41 +0000",https://audio.podigee-cdn.net/319434-m-c6cfab9464880f344cb6a51a2e8e507f.mp3?source=feed,https://ideequadrat.podigee.io/feed/mp3,https://ideequadrat.podigee.io/feed/mp3
IdeeQuadrat- Transforming Social Organizations,https://ideequadrat.podigee.io,Staffel II - Episode 0,"Thu, 05 Nov 2020 10:15:44 +0000",https://audio.podigee-cdn.net/317184-m-27acbdd351b75da0e27a333db2378de4.mp3?source=feed,https://ideequadrat.podigee.io/feed/mp3,https://ideequadrat.podigee.io/feed/mp3
IdeeQuadrat- Transforming Social Organizations,https://ideequadrat.podigee.io,"Wie lebendig sind Organisationen, Mark Lambertz?","Thu, 13 Aug 2020 05:30:00 +0000",https://audio.podigee-cdn.net/263343-m-dcafec2318f495fd587af987e2896e9f.mp3?source=feed,https://ideequadrat.podigee.io/feed/mp3,https://ideequadrat.podigee.io/feed/mp3
IdeeQuadrat- Transforming Social Organizations,https://ideequadrat.podigee.io,"Wo arbeiten wir morgen, Tobias Kremkau?","Fri, 07 Aug 2020 10:11:43 +0000",https://audio.podigee-cdn.net/259879-m-745e573dcf7305ae790ad6223c45718f.mp3?source=feed,https://ideequadrat.podigee.io/feed/mp3,https://ideequadrat.podigee.io/feed/mp3
IdeeQuadrat- Transforming Social Organizations,https://ideequadrat.podigee.io,"Wie natÃỳrlich ist FÃỳhrung, Jo Kristof?","Tue, 28 Jul 2020 09:00:29 +0000",https://audio.podigee-cdn.net/259174-m-d4735a6c38ead9be0de94d3e85934110.mp3?source=feed,https://ideequadrat.podigee.io/feed/mp3,https://ideequadrat.podigee.io/feed/mp3
IdeeQuadrat- Transforming Social Organizations,https://ideequadrat.podigee.io,"Wie gestalten wir neue Narrative, Lena Marbacher?","Fri, 17 Jul 2020 10:21:58 +0000",https://audio.podigee-cdn.net/254511-m-244caa8eb37ebcdf711e716bafd6da41.mp3?source=feed,https://ideequadrat.podigee.io/feed/mp3,https://ideequadrat.podigee.io/feed/mp3
IdeeQuadrat- Transforming Social Organizations,https://ideequadrat.podigee.io,"Warum fÃỳhrt ihr gemeinsam, Julia Collard und Sven Schnitzler?","Fri, 03 Jul 2020 09:25:39 +0000",https://audio.podigee-cdn.net/247207-m-e8855dfef43c9848951d3f0671b86aa0.mp3?source=feed,https://ideequadrat.podigee.io/feed/mp3,https://ideequadrat.podigee.io/feed/mp3
IdeeQuadrat- Transforming Social Organizations,https://ideequadrat.podigee.io,"Wozu brauchen wir Prozessmanagement, Philipp Epe","Thu, 25 Jun 2020 10:00:00 +0000",https://audio.podigee-cdn.net/243059-m-8bc27b28449d580e819e35e8ccd358a9.mp3?source=feed,https://ideequadrat.podigee.io/feed/mp3,https://ideequadrat.podigee.io/feed/mp3
IdeeQuadrat- Transforming Social Organizations,https://ideequadrat.podigee.io,"Wie geht gute Weiterbildung in Organisationen der Sozialen Arbeit, Stefan Gesmann?","Fri, 19 Jun 2020 05:00:00 +0000",https://audio.podigee-cdn.net/239776-m-d87995a796a7a70a91b813b4e42cf5e5.mp3?source=feed,https://ideequadrat.podigee.io/feed/mp3,https://ideequadrat.podigee.io/feed/mp3
IdeeQuadrat- Transforming Social Organizations,https://ideequadrat.podigee.io,"Wie gelingt gemeinsames VerstÃĊndnis, Markus Sauerhammer und JoÃ Steinke?","Fri, 05 Jun 2020 05:00:00 +0000",https://audio.podigee-cdn.net/232915-m-bc43dd7f128305add47027353d621766.mp3?source=feed,https://ideequadrat.podigee.io/feed/mp3,https://ideequadrat.podigee.io/feed/mp3
IdeeQuadrat- Transforming Social Organizations,https://ideequadrat.podigee.io,"Wie geht Innovation, Hannes JÃĊhnert?","Sun, 24 May 2020 06:30:00 +0000",https://audio.podigee-cdn.net/223237-m-649625cc807fe3b7fc52919054669783.mp3?source=feed,https://ideequadrat.podigee.io/feed/mp3,https://ideequadrat.podigee.io/feed/mp3
"Erdbeerfrösche und Teppichäpfel
",https://erdbeerfroescheundteppichaepfel.podigee.io,#120 - Systemisch lernen und lehren,"Wed, 12 Nov 2025 08:00:00 +0000",https://audio.podigee-cdn.net/2190235-m-45fd868404c6493cd9a1fc2cff7cc589.mp3?source=feed,https://erdbeerfroescheundteppichaepfel.podigee.io/feed/mp3,https://erdbeerfroescheundteppichaepfel.podigee.io/feed/mp3
"Erdbeerfrösche und Teppichäpfel
",https://erdbeerfroescheundteppichaepfel.podigee.io,#119 - Embodied IFS in der systemischen Beratung,"Wed, 29 Oct 2025 12:20:00 +0000",https://audio.podigee-cdn.net/2176521-m-843e7baff6add9b04f2910e31dc2acd4.mp3?source=feed,https://erdbeerfroescheundteppichaepfel.podigee.io/feed/mp3,https://erdbeerfroescheundteppichaepfel.podigee.io/feed/mp3
"Erdbeerfrösche und Teppichäpfel
",https://erdbeerfroescheundteppichaepfel.podigee.io,#118 - Trauma und Transformation,"Wed, 15 Oct 2025 06:00:00 +0000",https://audio.podigee-cdn.net/2157965-m-048433822bbda00e1ccfd7fb39f59f03.mp3?source=feed,https://erdbeerfroescheundteppichaepfel.podigee.io/feed/mp3,https://erdbeerfroescheundteppichaepfel.podigee.io/feed/mp3
"Erdbeerfrösche und Teppichäpfel
",https://erdbeerfroescheundteppichaepfel.podigee.io,#117 - SelbstfÃỳhrung in der SelbstÃĊndigkeit,"Wed, 01 Oct 2025 07:00:00 +0000",https://audio.podigee-cdn.net/2136321-m-7041b92058b6bbf7ddc9647ea1bcdad2.mp3?source=feed,https://erdbeerfroescheundteppichaepfel.podigee.io/feed/mp3,https://erdbeerfroescheundteppichaepfel.podigee.io/feed/mp3
"Erdbeerfrösche und Teppichäpfel
",https://erdbeerfroescheundteppichaepfel.podigee.io,#116 - Systemische Beratung - Ein Einstieg fÃỳr alle,"Wed, 17 Sep 2025 07:00:00 +0000",https://audio.podigee-cdn.net/2097738-m-8cea6833186710a1536a815417fd21fd.mp3?source=feed,https://erdbeerfroescheundteppichaepfel.podigee.io/feed/mp3,https://erdbeerfroescheundteppichaepfel.podigee.io/feed/mp3
"Erdbeerfrösche und Teppichäpfel
",https://erdbeerfroescheundteppichaepfel.podigee.io,"#115 - IdentitÃĊt, Businessaufbau und systemische PrÃĊgungen","Wed, 03 Sep 2025 07:00:00 +0000",https://audio.podigee-cdn.net/2088627-m-1d74a5899a11331c9cf9f683350c6e80.mp3?source=feed,https://erdbeerfroescheundteppichaepfel.podigee.io/feed/mp3,https://erdbeerfroescheundteppichaepfel.podigee.io/feed/mp3
"Erdbeerfrösche und Teppichäpfel
",https://erdbeerfroescheundteppichaepfel.podigee.io,#114 - Systemische Haltung trifft KÃ¶rperarbeit,"Wed, 20 Aug 2025 07:00:00 +0000",https://audio.podigee-cdn.net/2071532-m-0891fc58a3b829ecb3d7c8a774ef928e.mp3?source=feed,https://erdbeerfroescheundteppichaepfel.podigee.io/feed/mp3,https://erdbeerfroescheundteppichaepfel.podigee.io/feed/mp3
"Erdbeerfrösche und Teppichäpfel
",https://erdbeerfroescheundteppichaepfel.podigee.io,#113 - Back to the roots: Das MailÃĊnder Team,"Wed, 06 Aug 2025 07:00:00 +0000",https://audio.podigee-cdn.net/2049373-m-918df3731dea894a11b5a98965b71d70.mp3?source=feed,https://erdbeerfroescheundteppichaepfel.podigee.io/feed/mp3,https://erdbeerfroescheundteppichaepfel.podigee.io/feed/mp3
"Erdbeerfrösche und Teppichäpfel
",https://erdbeerfroescheundteppichaepfel.podigee.io,#112 - AugenhÃ¶he und Landkarten,"Wed, 23 Jul 2025 10:21:25 +0000",https://audio.podigee-cdn.net/2025860-m-23fd1ed29aeb7212281a61065cdae15a.mp3?source=feed,https://erdbeerfroescheundteppichaepfel.podigee.io/feed/mp3,https://erdbeerfroescheundteppichaepfel.podigee.io/feed/mp3
"Erdbeerfrösche und Teppichäpfel
",https://erdbeerfroescheundteppichaepfel.podigee.io,#111 - Wie mache ich mich als systemische Beraterin selbststÃĊndig,"Wed, 16 Jul 2025 07:00:00 +0000",https://audio.podigee-cdn.net/2007037-m-7c6dbd222a56d842cc8b5e668e14d2b5.mp3?source=feed,https://erdbeerfroescheundteppichaepfel.podigee.io/feed/mp3,https://erdbeerfroescheundteppichaepfel.podigee.io/feed/mp3
"Erdbeerfrösche und Teppichäpfel
",https://erdbeerfroescheundteppichaepfel.podigee.io,#110 - Systemischer Blick auf Handysucht,"Wed, 25 Jun 2025 07:00:00 +0000",https://audio.podigee-cdn.net/1976981-m-f4b6e1bbae77213165527111f0633964.mp3?source=feed,https://erdbeerfroescheundteppichaepfel.podigee.io/feed/mp3,https://erdbeerfroescheundteppichaepfel.podigee.io/feed/mp3
"Erdbeerfrösche und Teppichäpfel
",https://erdbeerfroescheundteppichaepfel.podigee.io,#109 - Geburtstagsfolge - Embodiment,"Sat, 14 Jun 2025 07:00:00 +0000",https://audio.podigee-cdn.net/1970830-m-3c7b1d481bdd5e3f41673204f0e5753e.mp3?source=feed,https://erdbeerfroescheundteppichaepfel.podigee.io/feed/mp3,https://erdbeerfroescheundteppichaepfel.podigee.io/feed/mp3
"Erdbeerfrösche und Teppichäpfel
",https://erdbeerfroescheundteppichaepfel.podigee.io,#108 - Was ist systemische Beratung,"Wed, 04 Jun 2025 07:00:00 +0000",https://audio.podigee-cdn.net/1955759-m-6884e1404b132e781447d74104bf7e17.mp3?source=feed,https://erdbeerfroescheundteppichaepfel.podigee.io/feed/mp3,https://erdbeerfroescheundteppichaepfel.podigee.io/feed/mp3
"Erdbeerfrösche und Teppichäpfel
",https://erdbeerfroescheundteppichaepfel.podigee.io,#107 - DiversitÃĊt in systemischer Beratung,"Wed, 21 May 2025 07:00:00 +0000",https://audio.podigee-cdn.net/1937049-m-27022f5e7091da2436b7d6b9f5842cb2.mp3?source=feed,https://erdbeerfroescheundteppichaepfel.podigee.io/feed/mp3,https://erdbeerfroescheundteppichaepfel.podigee.io/feed/mp3
"Erdbeerfrösche und Teppichäpfel
",https://erdbeerfroescheundteppichaepfel.podigee.io,#106 - StabilitÃĊt und Wandel,"Wed, 07 May 2025 07:00:00 +0000",https://audio.podigee-cdn.net/1911943-m-4852afd7f44e64a2637129cc917032df.mp3?source=feed,https://erdbeerfroescheundteppichaepfel.podigee.io/feed/mp3,https://erdbeerfroescheundteppichaepfel.podigee.io/feed/mp3
"Erdbeerfrösche und Teppichäpfel
",https://erdbeerfroescheundteppichaepfel.podigee.io,#105 - KÃỳnstliche Intelligenz in der systemischen Beratung,"Wed, 23 Apr 2025 07:00:00 +0000",https://audio.podigee-cdn.net/1885293-m-e665f193cf050ba2db7d48fb27de2a8f.mp3?source=feed,https://erdbeerfroescheundteppichaepfel.podigee.io/feed/mp3,https://erdbeerfroescheundteppichaepfel.podigee.io/feed/mp3
"Erdbeerfrösche und Teppichäpfel
",https://erdbeerfroescheundteppichaepfel.podigee.io,#104 - Systemische Aufstellung und Systemgesetze,"Wed, 09 Apr 2025 07:00:00 +0000",https://audio.podigee-cdn.net/1862313-m-089a4e051a54ae1f964beadbe6f9cc2e.mp3?source=feed,https://erdbeerfroescheundteppichaepfel.podigee.io/feed/mp3,https://erdbeerfroescheundteppichaepfel.podigee.io/feed/mp3
"Erdbeerfrösche und Teppichäpfel
",https://erdbeerfroescheundteppichaepfel.podigee.io,#103 - Zukunft und WIR-Kultur,"Wed, 26 Mar 2025 08:00:00 +0000",https://audio.podigee-cdn.net/1846521-m-5761c84f8e462db87f39bb76bb903c93.mp3?source=feed,https://erdbeerfroescheundteppichaepfel.podigee.io/feed/mp3,https://erdbeerfroescheundteppichaepfel.podigee.io/feed/mp3
"Erdbeerfrösche und Teppichäpfel
",https://erdbeerfroescheundteppichaepfel.podigee.io,#102 - Systemische GenerationsbrÃỳcken in Unternehmen,"Wed, 12 Mar 2025 08:00:00 +0000",https://audio.podigee-cdn.net/1825094-m-1c876e02bffd0fc3ac9bae4858ff76f1.mp3?source=feed,https://erdbeerfroescheundteppichaepfel.podigee.io/feed/mp3,https://erdbeerfroescheundteppichaepfel.podigee.io/feed/mp3
"Erdbeerfrösche und Teppichäpfel
",https://erdbeerfroescheundteppichaepfel.podigee.io,#101 - Lebende Systeme,"Wed, 26 Feb 2025 08:00:00 +0000",https://audio.podigee-cdn.net/1804567-m-40158cbbbb7c1b594410ee15f3f30841.mp3?source=feed,https://erdbeerfroescheundteppichaepfel.podigee.io/feed/mp3,https://erdbeerfroescheundteppichaepfel.podigee.io/feed/mp3
"Erdbeerfrösche und Teppichäpfel
",https://erdbeerfroescheundteppichaepfel.podigee.io,#100 - Sinn,"Wed, 12 Feb 2025 08:00:00 +0000",https://audio.podigee-cdn.net/1786848-m-a6730c1f58d5bd4594b52ab8899efad1.mp3?source=feed,https://erdbeerfroescheundteppichaepfel.podigee.io/feed/mp3,https://erdbeerfroescheundteppichaepfel.podigee.io/feed/mp3
"Erdbeerfrösche und Teppichäpfel
",https://erdbeerfroescheundteppichaepfel.podigee.io,#99 - Systemisch-dialogische Prozessberatung,"Wed, 22 Jan 2025 08:00:00 +0000",https://audio.podigee-cdn.net/1756599-m-f6e76caa1ae58085eef1fb9bb58be6b4.mp3?source=feed,https://erdbeerfroescheundteppichaepfel.podigee.io/feed/mp3,https://erdbeerfroescheundteppichaepfel.podigee.io/feed/mp3
"Erdbeerfrösche und Teppichäpfel
",https://erdbeerfroescheundteppichaepfel.podigee.io,#98 - Wirklichkeiten,"Wed, 08 Jan 2025 08:00:00 +0000",https://audio.podigee-cdn.net/1740445-m-6a75efc5da6eb5e6abe7a2ff96d11fb4.mp3?source=feed,https://erdbeerfroescheundteppichaepfel.podigee.io/feed/mp3,https://erdbeerfroescheundteppichaepfel.podigee.io/feed/mp3
"Erdbeerfrösche und Teppichäpfel
",https://erdbeerfroescheundteppichaepfel.podigee.io,#97 - Liebende PrÃĊsenz,"Wed, 18 Dec 2024 08:00:00 +0000",https://audio.podigee-cdn.net/1713303-m-ae595da3d2ccebd7a7c193bec902fe81.mp3?source=feed,https://erdbeerfroescheundteppichaepfel.podigee.io/feed/mp3,https://erdbeerfroescheundteppichaepfel.podigee.io/feed/mp3
"Erdbeerfrösche und Teppichäpfel
",https://erdbeerfroescheundteppichaepfel.podigee.io,#96 - Systemischer Umgang mit Diagnosen,"Wed, 11 Dec 2024 08:00:00 +0000",https://audio.podigee-cdn.net/1705854-m-8cbad589c16eca6fa79c2065cf32b883.mp3?source=feed,https://erdbeerfroescheundteppichaepfel.podigee.io/feed/mp3,https://erdbeerfroescheundteppichaepfel.podigee.io/feed/mp3
"Erdbeerfrösche und Teppichäpfel
",https://erdbeerfroescheundteppichaepfel.podigee.io,#95 - Systemisches Arbeiten mit Kindern aus dem Autismus-Spektrum,"Wed, 27 Nov 2024 13:30:00 +0000",https://audio.podigee-cdn.net/1692471-m-44c4eb5ac8a3b9c054eb237fcbdd364b.mp3?source=feed,https://erdbeerfroescheundteppichaepfel.podigee.io/feed/mp3,https://erdbeerfroescheundteppichaepfel.podigee.io/feed/mp3
"Erdbeerfrösche und Teppichäpfel
",https://erdbeerfroescheundteppichaepfel.podigee.io,#94 - SelbststÃĊndig als systemische Beraterin,"Wed, 06 Nov 2024 08:00:00 +0000",https://audio.podigee-cdn.net/1659607-m-64028e1ea60c62c72ba9739b9e56e792.mp3?source=feed,https://erdbeerfroescheundteppichaepfel.podigee.io/feed/mp3,https://erdbeerfroescheundteppichaepfel.podigee.io/feed/mp3
"Erdbeerfrösche und Teppichäpfel
",https://erdbeerfroescheundteppichaepfel.podigee.io,#93 - Systemische Haltung in Schule,"Wed, 23 Oct 2024 15:15:05 +0000",https://audio.podigee-cdn.net/1642766-m-3de76565366aa2e838f932a3bd441bd8.mp3?source=feed,https://erdbeerfroescheundteppichaepfel.podigee.io/feed/mp3,https://erdbeerfroescheundteppichaepfel.podigee.io/feed/mp3
"Erdbeerfrösche und Teppichäpfel
",https://erdbeerfroescheundteppichaepfel.podigee.io,#92 - Psychologische GrundbedÃỳrfnisse,"Wed, 09 Oct 2024 07:00:00 +0000",https://audio.podigee-cdn.net/1626386-m-bde3dae28698f3027ccd8afc638ec9bd.mp3?source=feed,https://erdbeerfroescheundteppichaepfel.podigee.io/feed/mp3,https://erdbeerfroescheundteppichaepfel.podigee.io/feed/mp3
"Erdbeerfrösche und Teppichäpfel
",https://erdbeerfroescheundteppichaepfel.podigee.io,#91 - GefÃỳhle,"Wed, 25 Sep 2024 07:00:00 +0000",https://audio.podigee-cdn.net/1608971-m-f967a048114842d5968378830ad7b28d.mp3?source=feed,https://erdbeerfroescheundteppichaepfel.podigee.io/feed/mp3,https://erdbeerfroescheundteppichaepfel.podigee.io/feed/mp3
"Erdbeerfrösche und Teppichäpfel
",https://erdbeerfroescheundteppichaepfel.podigee.io,#90 - Systemisch bewegt,"Wed, 11 Sep 2024 07:00:12 +0000",https://audio.podigee-cdn.net/1593118-m-06546241be5a5578534265f00e316368.mp3?source=feed,https://erdbeerfroescheundteppichaepfel.podigee.io/feed/mp3,https://erdbeerfroescheundteppichaepfel.podigee.io/feed/mp3
"Erdbeerfrösche und Teppichäpfel
",https://erdbeerfroescheundteppichaepfel.podigee.io,#89 - Money Mindset: systemisch!,"Wed, 28 Aug 2024 11:20:44 +0000",https://audio.podigee-cdn.net/1577054-m-305274b163d449d810028df929dfa860.mp3?source=feed,https://erdbeerfroescheundteppichaepfel.podigee.io/feed/mp3,https://erdbeerfroescheundteppichaepfel.podigee.io/feed/mp3
"Erdbeerfrösche und Teppichäpfel
",https://erdbeerfroescheundteppichaepfel.podigee.io,#88 - Systemische Beratung mit Pferden,"Wed, 14 Aug 2024 07:00:00 +0000",https://audio.podigee-cdn.net/1506350-m-6b005e9fb21df5ed223d6c6e806f0ea9.mp3?source=feed,https://erdbeerfroescheundteppichaepfel.podigee.io/feed/mp3,https://erdbeerfroescheundteppichaepfel.podigee.io/feed/mp3
"Erdbeerfrösche und Teppichäpfel
",https://erdbeerfroescheundteppichaepfel.podigee.io,#87 - Essenzen und Learnings aus systemischer Beratung,"Wed, 31 Jul 2024 07:00:00 +0000",https://audio.podigee-cdn.net/1548304-m-77473888118c3b977d1824f78feb60d3.mp3?source=feed,https://erdbeerfroescheundteppichaepfel.podigee.io/feed/mp3,https://erdbeerfroescheundteppichaepfel.podigee.io/feed/mp3
"Erdbeerfrösche und Teppichäpfel
",https://erdbeerfroescheundteppichaepfel.podigee.io,#86 - Geh auf Deine BÃỳhne!,"Wed, 17 Jul 2024 07:00:00 +0000",https://audio.podigee-cdn.net/1535010-m-89e35254f6d1ab4e91aad902eb0193ad.mp3?source=feed,https://erdbeerfroescheundteppichaepfel.podigee.io/feed/mp3,https://erdbeerfroescheundteppichaepfel.podigee.io/feed/mp3
"Erdbeerfrösche und Teppichäpfel
",https://erdbeerfroescheundteppichaepfel.podigee.io,#85 - Kund:innengewinnung-systemsich!,"Wed, 03 Jul 2024 07:00:00 +0000",https://audio.podigee-cdn.net/1513346-m-1c52ef36f6caeebfba1dfd8385d36022.mp3?source=feed,https://erdbeerfroescheundteppichaepfel.podigee.io/feed/mp3,https://erdbeerfroescheundteppichaepfel.podigee.io/feed/mp3
"Erdbeerfrösche und Teppichäpfel
",https://erdbeerfroescheundteppichaepfel.podigee.io,#84 - Geburtstag und Genogramm,"Wed, 19 Jun 2024 07:00:00 +0000",https://audio.podigee-cdn.net/1503436-m-d6d88ff656950509dbcb0c0976f3a335.mp3?source=feed,https://erdbeerfroescheundteppichaepfel.podigee.io/feed/mp3,https://erdbeerfroescheundteppichaepfel.podigee.io/feed/mp3
"Erdbeerfrösche und Teppichäpfel
",https://erdbeerfroescheundteppichaepfel.podigee.io,#83 - Von den AnfÃĊngen des systemischen Denkens bis heute,"Wed, 05 Jun 2024 07:00:00 +0000",https://audio.podigee-cdn.net/1488950-m-180293988d889a30b2cec2858ea2bce0.mp3?source=feed,https://erdbeerfroescheundteppichaepfel.podigee.io/feed/mp3,https://erdbeerfroescheundteppichaepfel.podigee.io/feed/mp3
"Erdbeerfrösche und Teppichäpfel
",https://erdbeerfroescheundteppichaepfel.podigee.io,#82 - Systemische Methoden zum Mitmachen 4,"Wed, 22 May 2024 07:00:00 +0000",https://audio.podigee-cdn.net/1465719-m-8ef9bc364a6e12e6a5bae9105248e8be.mp3?source=feed,https://erdbeerfroescheundteppichaepfel.podigee.io/feed/mp3,https://erdbeerfroescheundteppichaepfel.podigee.io/feed/mp3
"Erdbeerfrösche und Teppichäpfel
",https://erdbeerfroescheundteppichaepfel.podigee.io,#81 - Systemische Beratung und Laufen,"Wed, 08 May 2024 07:00:00 +0000",https://audio.podigee-cdn.net/1445249-m-0f34cd7c36ff8813425804e2b6cc6cc9.mp3?source=feed,https://erdbeerfroescheundteppichaepfel.podigee.io/feed/mp3,https://erdbeerfroescheundteppichaepfel.podigee.io/feed/mp3
"Erdbeerfrösche und Teppichäpfel
",https://erdbeerfroescheundteppichaepfel.podigee.io,#80 - Community-Folge 2: Q&A,"Wed, 24 Apr 2024 07:00:00 +0000",https://audio.podigee-cdn.net/1445244-m-0bd9e34ea95e4b32ade7c514aa6ebbe9.mp3?source=feed,https://erdbeerfroescheundteppichaepfel.podigee.io/feed/mp3,https://erdbeerfroescheundteppichaepfel.podigee.io/feed/mp3
"Erdbeerfrösche und Teppichäpfel
",https://erdbeerfroescheundteppichaepfel.podigee.io,#79 - Pure Embodiment,"Wed, 10 Apr 2024 07:00:00 +0000",https://audio.podigee-cdn.net/1396024-m-6eeea1c1804aecd7f16468b850d73aa3.mp3?source=feed,https://erdbeerfroescheundteppichaepfel.podigee.io/feed/mp3,https://erdbeerfroescheundteppichaepfel.podigee.io/feed/mp3
"Erdbeerfrösche und Teppichäpfel
",https://erdbeerfroescheundteppichaepfel.podigee.io,#78 - Systemisches Handeln fÃỳr pÃĊd. FachkrÃĊfte,"Wed, 27 Mar 2024 08:00:00 +0000",https://audio.podigee-cdn.net/1396021-m-103bf991499231b13b1bd3f8e6b70e95.mp3?source=feed,https://erdbeerfroescheundteppichaepfel.podigee.io/feed/mp3,https://erdbeerfroescheundteppichaepfel.podigee.io/feed/mp3
"Erdbeerfrösche und Teppichäpfel
",https://erdbeerfroescheundteppichaepfel.podigee.io,#77 - Systemische Beratung lernen,"Wed, 13 Mar 2024 08:00:00 +0000",https://audio.podigee-cdn.net/1389971-m-43cc6eea17d5741eb46b6fc5b2f1cd38.mp3?source=feed,https://erdbeerfroescheundteppichaepfel.podigee.io/feed/mp3,https://erdbeerfroescheundteppichaepfel.podigee.io/feed/mp3
"Erdbeerfrösche und Teppichäpfel
",https://erdbeerfroescheundteppichaepfel.podigee.io,#76 - Stimme und Sprechen in der systemischen Beratung,"Wed, 28 Feb 2024 11:09:22 +0000",https://audio.podigee-cdn.net/1338181-m-44df5e3257c5041dd0573cff4825bf06.mp3?source=feed,https://erdbeerfroescheundteppichaepfel.podigee.io/feed/mp3,https://erdbeerfroescheundteppichaepfel.podigee.io/feed/mp3
"Erdbeerfrösche und Teppichäpfel
",https://erdbeerfroescheundteppichaepfel.podigee.io,#75 - Gewaltloser Widerstand,"Wed, 14 Feb 2024 08:00:00 +0000",https://audio.podigee-cdn.net/1345388-m-aa720cc178d6ac28b1c5db7fe3fc5c0d.mp3?source=feed,https://erdbeerfroescheundteppichaepfel.podigee.io/feed/mp3,https://erdbeerfroescheundteppichaepfel.podigee.io/feed/mp3
"Erdbeerfrösche und Teppichäpfel
",https://erdbeerfroescheundteppichaepfel.podigee.io,#74 - Muster und GlaubenssÃĊtze,"Wed, 31 Jan 2024 08:00:00 +0000",https://audio.podigee-cdn.net/1290775-m-3393a756bd77ac578d708b08664722b0.mp3?source=feed,https://erdbeerfroescheundteppichaepfel.podigee.io/feed/mp3,https://erdbeerfroescheundteppichaepfel.podigee.io/feed/mp3
"Erdbeerfrösche und Teppichäpfel
",https://erdbeerfroescheundteppichaepfel.podigee.io,#73 - Narrative in der systemischen Beratung,"Wed, 10 Jan 2024 09:00:00 +0000",https://audio.podigee-cdn.net/1331547-m-b94d74ba80e3651279a1555b8ef6f21c.mp3?source=feed,https://erdbeerfroescheundteppichaepfel.podigee.io/feed/mp3,https://erdbeerfroescheundteppichaepfel.podigee.io/feed/mp3
"Erdbeerfrösche und Teppichäpfel
",https://erdbeerfroescheundteppichaepfel.podigee.io,#72 - Framing,"Sun, 24 Dec 2023 08:00:00 +0000",https://audio.podigee-cdn.net/1199330-m-14d085377dd55cafe7c5231e97748a39.mp3?source=feed,https://erdbeerfroescheundteppichaepfel.podigee.io/feed/mp3,https://erdbeerfroescheundteppichaepfel.podigee.io/feed/mp3
"Erdbeerfrösche und Teppichäpfel
",https://erdbeerfroescheundteppichaepfel.podigee.io,#71 - PolykontextualitÃĊt und Konflikt,"Wed, 20 Dec 2023 08:00:00 +0000",https://audio.podigee-cdn.net/1290762-m-1109640caed85699c871008b5b84815b.mp3?source=feed,https://erdbeerfroescheundteppichaepfel.podigee.io/feed/mp3,https://erdbeerfroescheundteppichaepfel.podigee.io/feed/mp3
"Erdbeerfrösche und Teppichäpfel
",https://erdbeerfroescheundteppichaepfel.podigee.io,#70 - Freyspiel und systemische Beratung,"Sun, 17 Dec 2023 08:00:00 +0000",https://audio.podigee-cdn.net/1290764-m-88564300569c786ffa53626aeb1cc649.mp3?source=feed,https://erdbeerfroescheundteppichaepfel.podigee.io/feed/mp3,https://erdbeerfroescheundteppichaepfel.podigee.io/feed/mp3
"Erdbeerfrösche und Teppichäpfel
",https://erdbeerfroescheundteppichaepfel.podigee.io,#69 - Die Arbeit mit inneren Anteilen,"Sun, 10 Dec 2023 08:00:00 +0000",https://audio.podigee-cdn.net/1290767-m-46a576bddfff4c77cab0037b906f089c.mp3?source=feed,https://erdbeerfroescheundteppichaepfel.podigee.io/feed/mp3,https://erdbeerfroescheundteppichaepfel.podigee.io/feed/mp3
"Erdbeerfrösche und Teppichäpfel
",https://erdbeerfroescheundteppichaepfel.podigee.io,#68 - Mein Herz- Der lange Weg zu mir selbst,"Wed, 06 Dec 2023 08:00:00 +0000",https://audio.podigee-cdn.net/1290926-m-4b1f969e4f1087c8419f1b023192c73b.mp3?source=feed,https://erdbeerfroescheundteppichaepfel.podigee.io/feed/mp3,https://erdbeerfroescheundteppichaepfel.podigee.io/feed/mp3
"Erdbeerfrösche und Teppichäpfel
",https://erdbeerfroescheundteppichaepfel.podigee.io,#67 - Traumainformiertes systemisches Arbeiten,"Sun, 03 Dec 2023 09:00:00 +0000",https://audio.podigee-cdn.net/1290765-m-e9a4e9eb48362a67edcf6cde32d62ebc.mp3?source=feed,https://erdbeerfroescheundteppichaepfel.podigee.io/feed/mp3,https://erdbeerfroescheundteppichaepfel.podigee.io/feed/mp3
"Erdbeerfrösche und Teppichäpfel
",https://erdbeerfroescheundteppichaepfel.podigee.io,#66 - Systemisches Denken und Demenz,"Wed, 22 Nov 2023 08:00:00 +0000",https://audio.podigee-cdn.net/1176602-m-a722e8c8afec2be6c59f23a1d0f2c543.mp3?source=feed,https://erdbeerfroescheundteppichaepfel.podigee.io/feed/mp3,https://erdbeerfroescheundteppichaepfel.podigee.io/feed/mp3
"Erdbeerfrösche und Teppichäpfel
",https://erdbeerfroescheundteppichaepfel.podigee.io,#65 - Systemische Toolbox,"Wed, 08 Nov 2023 08:00:00 +0000",https://audio.podigee-cdn.net/1199335-m-920cbf95d4d338f3e8b265252e9d8487.mp3?source=feed,https://erdbeerfroescheundteppichaepfel.podigee.io/feed/mp3,https://erdbeerfroescheundteppichaepfel.podigee.io/feed/mp3
"Erdbeerfrösche und Teppichäpfel
",https://erdbeerfroescheundteppichaepfel.podigee.io,#64 - Systemischer Kinderschutz,"Wed, 25 Oct 2023 07:00:00 +0000",https://audio.podigee-cdn.net/1199336-m-72c1458e5c878a84789f7d98181a22ee.mp3?source=feed,https://erdbeerfroescheundteppichaepfel.podigee.io/feed/mp3,https://erdbeerfroescheundteppichaepfel.podigee.io/feed/mp3
"Erdbeerfrösche und Teppichäpfel
",https://erdbeerfroescheundteppichaepfel.podigee.io,#63 - Ein systemischer Kessel Buntes,"Wed, 11 Oct 2023 07:00:00 +0000",https://audio.podigee-cdn.net/1190039-m-79eeb5cb5bb5ba3dc1ca50cf03e68a09.mp3?source=feed,https://erdbeerfroescheundteppichaepfel.podigee.io/feed/mp3,https://erdbeerfroescheundteppichaepfel.podigee.io/feed/mp3
"Erdbeerfrösche und Teppichäpfel
",https://erdbeerfroescheundteppichaepfel.podigee.io,#62 - TWIST: Jessica und Teresa im Interview,"Wed, 27 Sep 2023 07:00:00 +0000",https://audio.podigee-cdn.net/1199333-m-7ac1ac56a6f0da7c4a57193d8bd15b8b.mp3?source=feed,https://erdbeerfroescheundteppichaepfel.podigee.io/feed/mp3,https://erdbeerfroescheundteppichaepfel.podigee.io/feed/mp3
"Erdbeerfrösche und Teppichäpfel
",https://erdbeerfroescheundteppichaepfel.podigee.io,#61 - Das Neue verkÃ¶rpern,"Wed, 13 Sep 2023 07:00:00 +0000",https://audio.podigee-cdn.net/1176600-m-140e3cc6ef9da1b12cf30cdd9d1c8246.mp3?source=feed,https://erdbeerfroescheundteppichaepfel.podigee.io/feed/mp3,https://erdbeerfroescheundteppichaepfel.podigee.io/feed/mp3
"Erdbeerfrösche und Teppichäpfel
",https://erdbeerfroescheundteppichaepfel.podigee.io,#60 - Umgang mit transgenerationalen Mustern,"Wed, 30 Aug 2023 07:00:00 +0000",https://audio.podigee-cdn.net/1176598-m-9ea0c186c64adeb64f944a81765d7af6.mp3?source=feed,https://erdbeerfroescheundteppichaepfel.podigee.io/feed/mp3,https://erdbeerfroescheundteppichaepfel.podigee.io/feed/mp3
"Erdbeerfrösche und Teppichäpfel
",https://erdbeerfroescheundteppichaepfel.podigee.io,#59 - Erwachsene Trennungskinder,"Wed, 16 Aug 2023 07:30:00 +0000",https://audio.podigee-cdn.net/1176597-m-8f9775fa173a41c09f99270dfb0f3797.mp3?source=feed,https://erdbeerfroescheundteppichaepfel.podigee.io/feed/mp3,https://erdbeerfroescheundteppichaepfel.podigee.io/feed/mp3
"Erdbeerfrösche und Teppichäpfel
",https://erdbeerfroescheundteppichaepfel.podigee.io,#58 - Selbstreflexion,"Wed, 02 Aug 2023 05:00:00 +0000",https://audio.podigee-cdn.net/1176595-m-0de6979f471e3f0b96f1a3788b44000f.mp3?source=feed,https://erdbeerfroescheundteppichaepfel.podigee.io/feed/mp3,https://erdbeerfroescheundteppichaepfel.podigee.io/feed/mp3
"Erdbeerfrösche und Teppichäpfel
",https://erdbeerfroescheundteppichaepfel.podigee.io,#57 - Presencing,"Wed, 19 Jul 2023 05:00:00 +0000",https://audio.podigee-cdn.net/1164743-m-7ac36d644222b0e105c24c1501a5662c.mp3?source=feed,https://erdbeerfroescheundteppichaepfel.podigee.io/feed/mp3,https://erdbeerfroescheundteppichaepfel.podigee.io/feed/mp3
"Erdbeerfrösche und Teppichäpfel
",https://erdbeerfroescheundteppichaepfel.podigee.io,#56 - ProfessionalitÃĊt in der systemischen Beratung und Therapie,"Wed, 05 Jul 2023 09:00:00 +0000",https://audio.podigee-cdn.net/1152377-m-7875da038b0d9d09308a05969338080e.mp3?source=feed,https://erdbeerfroescheundteppichaepfel.podigee.io/feed/mp3,https://erdbeerfroescheundteppichaepfel.podigee.io/feed/mp3
"Erdbeerfrösche und Teppichäpfel
",https://erdbeerfroescheundteppichaepfel.podigee.io,#55 - Systemischer Arbeitsschutz,"Wed, 21 Jun 2023 05:00:00 +0000",https://audio.podigee-cdn.net/1044727-m-454781ca846acf5d0f86f163ebbecd5b.mp3?source=feed,https://erdbeerfroescheundteppichaepfel.podigee.io/feed/mp3,https://erdbeerfroescheundteppichaepfel.podigee.io/feed/mp3
"Erdbeerfrösche und Teppichäpfel
",https://erdbeerfroescheundteppichaepfel.podigee.io,#54 - zwei Jahre ErdbeerfrÃ¶sche und TeppichÃĊpfel,"Wed, 14 Jun 2023 05:00:00 +0000",https://audio.podigee-cdn.net/1086759-m-b96b79e58a43f401ba2db69ea74c5a2b.mp3?source=feed,https://erdbeerfroescheundteppichaepfel.podigee.io/feed/mp3,https://erdbeerfroescheundteppichaepfel.podigee.io/feed/mp3
"Erdbeerfrösche und Teppichäpfel
",https://erdbeerfroescheundteppichaepfel.podigee.io,#53 - Systemische Methoden zum Mitmachen 3,"Wed, 07 Jun 2023 05:00:00 +0000",https://audio.podigee-cdn.net/1086755-m-f65ee7e65f91811fb6dbb6700d4a4bc0.mp3?source=feed,https://erdbeerfroescheundteppichaepfel.podigee.io/feed/mp3,https://erdbeerfroescheundteppichaepfel.podigee.io/feed/mp3
"Erdbeerfrösche und Teppichäpfel
",https://erdbeerfroescheundteppichaepfel.podigee.io,#52 - Gregory Bateson,"Wed, 24 May 2023 05:00:00 +0000",https://audio.podigee-cdn.net/1086750-m-50679f09cb34453663f99be8b06d0b7e.mp3?source=feed,https://erdbeerfroescheundteppichaepfel.podigee.io/feed/mp3,https://erdbeerfroescheundteppichaepfel.podigee.io/feed/mp3
"Erdbeerfrösche und Teppichäpfel
",https://erdbeerfroescheundteppichaepfel.podigee.io,#51 - Inklusion,"Wed, 10 May 2023 05:00:00 +0000",https://audio.podigee-cdn.net/1086747-m-9f6e8707ed59d50e70f4d4ee16ff8323.mp3?source=feed,https://erdbeerfroescheundteppichaepfel.podigee.io/feed/mp3,https://erdbeerfroescheundteppichaepfel.podigee.io/feed/mp3
"Erdbeerfrösche und Teppichäpfel
",https://erdbeerfroescheundteppichaepfel.podigee.io,#50 - PEP,"Wed, 26 Apr 2023 05:00:00 +0000",https://audio.podigee-cdn.net/1085654-m-8c1e5e35fbfdcc205915fdba749743f6.mp3?source=feed,https://erdbeerfroescheundteppichaepfel.podigee.io/feed/mp3,https://erdbeerfroescheundteppichaepfel.podigee.io/feed/mp3
"Erdbeerfrösche und Teppichäpfel
",https://erdbeerfroescheundteppichaepfel.podigee.io,#49 - Systemisches Denken plus X,"Wed, 12 Apr 2023 05:00:00 +0000",https://audio.podigee-cdn.net/1072607-m-99041299cc907c545dd3a620b7f1db72.mp3?source=feed,https://erdbeerfroescheundteppichaepfel.podigee.io/feed/mp3,https://erdbeerfroescheundteppichaepfel.podigee.io/feed/mp3
"Erdbeerfrösche und Teppichäpfel
",https://erdbeerfroescheundteppichaepfel.podigee.io,#48 - Der hypnosystemische Ansatz,"Wed, 29 Mar 2023 05:00:00 +0000",https://audio.podigee-cdn.net/1042015-m-02333332ef5a11a9997a707fd61252bf.mp3?source=feed,https://erdbeerfroescheundteppichaepfel.podigee.io/feed/mp3,https://erdbeerfroescheundteppichaepfel.podigee.io/feed/mp3
"Erdbeerfrösche und Teppichäpfel
",https://erdbeerfroescheundteppichaepfel.podigee.io,#47 - Systemische Medizin,"Wed, 15 Mar 2023 06:00:00 +0000",https://audio.podigee-cdn.net/1018503-m-af51f73784130e961e1255ee219f9134.mp3?source=feed,https://erdbeerfroescheundteppichaepfel.podigee.io/feed/mp3,https://erdbeerfroescheundteppichaepfel.podigee.io/feed/mp3
"Erdbeerfrösche und Teppichäpfel
",https://erdbeerfroescheundteppichaepfel.podigee.io,#46 - Reflecting Team,"Wed, 01 Mar 2023 06:00:00 +0000",https://audio.podigee-cdn.net/1031868-m-f4ba2227f130729a933297619b0620a0.mp3?source=feed,https://erdbeerfroescheundteppichaepfel.podigee.io/feed/mp3,https://erdbeerfroescheundteppichaepfel.podigee.io/feed/mp3
"Erdbeerfrösche und Teppichäpfel
",https://erdbeerfroescheundteppichaepfel.podigee.io,#45 - LÃ¶sungsorientierte Beratung,"Wed, 15 Feb 2023 06:00:00 +0000",https://audio.podigee-cdn.net/1017885-m-d53aa80f6446928a31a5300c09444b74.mp3?source=feed,https://erdbeerfroescheundteppichaepfel.podigee.io/feed/mp3,https://erdbeerfroescheundteppichaepfel.podigee.io/feed/mp3
"Erdbeerfrösche und Teppichäpfel
",https://erdbeerfroescheundteppichaepfel.podigee.io,#44 - Systemtheorie,"Wed, 01 Feb 2023 06:00:00 +0000",https://audio.podigee-cdn.net/1001544-m-9e56a2cbdb0a3ad9d2298424f57cff8e.mp3?source=feed,https://erdbeerfroescheundteppichaepfel.podigee.io/feed/mp3,https://erdbeerfroescheundteppichaepfel.podigee.io/feed/mp3
"Erdbeerfrösche und Teppichäpfel
",https://erdbeerfroescheundteppichaepfel.podigee.io,#43 - Der Beginn,"Wed, 18 Jan 2023 06:00:00 +0000",https://audio.podigee-cdn.net/990390-m-023a8f86f4a4e8b019c8462b6a97ec66.mp3?source=feed,https://erdbeerfroescheundteppichaepfel.podigee.io/feed/mp3,https://erdbeerfroescheundteppichaepfel.podigee.io/feed/mp3
"Erdbeerfrösche und Teppichäpfel
",https://erdbeerfroescheundteppichaepfel.podigee.io,#42 - Gewaltfreie Kommunikation,"Wed, 04 Jan 2023 06:00:00 +0000",https://audio.podigee-cdn.net/955454-m-f7c7ca0313d08a1b5cd9a3ef6d6ed584.mp3?source=feed,https://erdbeerfroescheundteppichaepfel.podigee.io/feed/mp3,https://erdbeerfroescheundteppichaepfel.podigee.io/feed/mp3
"Erdbeerfrösche und Teppichäpfel
",https://erdbeerfroescheundteppichaepfel.podigee.io,#41 - SelbstfÃỳrsorge,"Wed, 21 Dec 2022 06:00:00 +0000",https://audio.podigee-cdn.net/955449-m-f7a63aa4d86f733d37ecdb170e12ec28.mp3?source=feed,https://erdbeerfroescheundteppichaepfel.podigee.io/feed/mp3,https://erdbeerfroescheundteppichaepfel.podigee.io/feed/mp3
"Erdbeerfrösche und Teppichäpfel
",https://erdbeerfroescheundteppichaepfel.podigee.io,#40 - FLOWMOMENT 2022,"Wed, 07 Dec 2022 06:00:00 +0000",https://audio.podigee-cdn.net/955438-m-4b2725bda091822ac77c79c104217f9b.mp3?source=feed,https://erdbeerfroescheundteppichaepfel.podigee.io/feed/mp3,https://erdbeerfroescheundteppichaepfel.podigee.io/feed/mp3
"Erdbeerfrösche und Teppichäpfel
",https://erdbeerfroescheundteppichaepfel.podigee.io,#39 - Community-Folge 1:'Systemische Beratung',"Wed, 23 Nov 2022 06:00:00 +0000",https://audio.podigee-cdn.net/937884-m-e2ff902f76fbf3fab0133c1fb24d9763.mp3?source=feed,https://erdbeerfroescheundteppichaepfel.podigee.io/feed/mp3,https://erdbeerfroescheundteppichaepfel.podigee.io/feed/mp3
"Erdbeerfrösche und Teppichäpfel
",https://erdbeerfroescheundteppichaepfel.podigee.io,#38 - Innerer Konferenztisch,"Wed, 09 Nov 2022 06:00:00 +0000",https://audio.podigee-cdn.net/923568-m-26f52a4a0c51ada747b1634589246260.mp3?source=feed,https://erdbeerfroescheundteppichaepfel.podigee.io/feed/mp3,https://erdbeerfroescheundteppichaepfel.podigee.io/feed/mp3
"Erdbeerfrösche und Teppichäpfel
",https://erdbeerfroescheundteppichaepfel.podigee.io,#37 - Kreative Methoden in der systemischen Beratung,"Wed, 26 Oct 2022 05:00:00 +0000",https://audio.podigee-cdn.net/910468-m-11e5b03739185f119ae1f36a765c4ede.mp3?source=feed,https://erdbeerfroescheundteppichaepfel.podigee.io/feed/mp3,https://erdbeerfroescheundteppichaepfel.podigee.io/feed/mp3
"Erdbeerfrösche und Teppichäpfel
",https://erdbeerfroescheundteppichaepfel.podigee.io,#36 - Wie Probleme entstehen,"Wed, 21 Sep 2022 05:00:00 +0000",https://audio.podigee-cdn.net/867777-m-bcf02b144da0e2c9b88c51a337a5cd67.mp3?source=feed,https://erdbeerfroescheundteppichaepfel.podigee.io/feed/mp3,https://erdbeerfroescheundteppichaepfel.podigee.io/feed/mp3
"Erdbeerfrösche und Teppichäpfel
",https://erdbeerfroescheundteppichaepfel.podigee.io,#35 - Systemische Sozialarbeit,"Wed, 07 Sep 2022 05:00:00 +0000",https://audio.podigee-cdn.net/656667-m-b5392ab656775d83f7f0cf8a0a759e75.mp3?source=feed,https://erdbeerfroescheundteppichaepfel.podigee.io/feed/mp3,https://erdbeerfroescheundteppichaepfel.podigee.io/feed/mp3
"Erdbeerfrösche und Teppichäpfel
",https://erdbeerfroescheundteppichaepfel.podigee.io,#34 - Systemische Methoden zum Mitmachen 2,"Wed, 24 Aug 2022 05:00:00 +0000",https://audio.podigee-cdn.net/835816-m-f2c4837cf7933434ec519cb288aefeb2.mp3?source=feed,https://erdbeerfroescheundteppichaepfel.podigee.io/feed/mp3,https://erdbeerfroescheundteppichaepfel.podigee.io/feed/mp3
"Erdbeerfrösche und Teppichäpfel
",https://erdbeerfroescheundteppichaepfel.podigee.io,#33 - Systemische Aufstellungsarbeit,"Wed, 10 Aug 2022 05:00:00 +0000",https://audio.podigee-cdn.net/835814-m-3c791b5e87ef7e7529331f08c419d3fd.mp3?source=feed,https://erdbeerfroescheundteppichaepfel.podigee.io/feed/mp3,https://erdbeerfroescheundteppichaepfel.podigee.io/feed/mp3
"Erdbeerfrösche und Teppichäpfel
",https://erdbeerfroescheundteppichaepfel.podigee.io,#32 - Visionsarbeit und systemische Beratung,"Wed, 27 Jul 2022 05:00:00 +0000",https://audio.podigee-cdn.net/822014-m-926185e9ad16206e0fb2228fe7144ac6.mp3?source=feed,https://erdbeerfroescheundteppichaepfel.podigee.io/feed/mp3,https://erdbeerfroescheundteppichaepfel.podigee.io/feed/mp3
"Erdbeerfrösche und Teppichäpfel
",https://erdbeerfroescheundteppichaepfel.podigee.io,#31 - Sprache und systemische Beratung,"Wed, 13 Jul 2022 05:00:00 +0000",https://audio.podigee-cdn.net/769930-m-c28cd0573467ccecb04497cbf17c01d3.mp3?source=feed,https://erdbeerfroescheundteppichaepfel.podigee.io/feed/mp3,https://erdbeerfroescheundteppichaepfel.podigee.io/feed/mp3
"Erdbeerfrösche und Teppichäpfel
",https://erdbeerfroescheundteppichaepfel.podigee.io,#30 - Systemische Paarberatung,"Wed, 29 Jun 2022 05:00:00 +0000",https://audio.podigee-cdn.net/768145-m-213639f98fb7e87f4452434495d48e26.mp3?source=feed,https://erdbeerfroescheundteppichaepfel.podigee.io/feed/mp3,https://erdbeerfroescheundteppichaepfel.podigee.io/feed/mp3
"Erdbeerfrösche und Teppichäpfel
",https://erdbeerfroescheundteppichaepfel.podigee.io,#29 - Systemische Methoden zum Mitmachen 1,"Wed, 15 Jun 2022 05:00:00 +0000",https://audio.podigee-cdn.net/769927-m-81177eece5b4f70a8225109f96c14371.mp3?source=feed,https://erdbeerfroescheundteppichaepfel.podigee.io/feed/mp3,https://erdbeerfroescheundteppichaepfel.podigee.io/feed/mp3
"Erdbeerfrösche und Teppichäpfel
",https://erdbeerfroescheundteppichaepfel.podigee.io,#28 - Hypothesen,"Wed, 08 Jun 2022 05:00:00 +0000",https://audio.podigee-cdn.net/759470-m-94d5574858063e42df32ee264cb91874.mp3?source=feed,https://erdbeerfroescheundteppichaepfel.podigee.io/feed/mp3,https://erdbeerfroescheundteppichaepfel.podigee.io/feed/mp3
"Erdbeerfrösche und Teppichäpfel
",https://erdbeerfroescheundteppichaepfel.podigee.io,#27 - Aufsuchende Familientherapie,"Wed, 25 May 2022 05:00:00 +0000",https://audio.podigee-cdn.net/751947-m-9fd5c5d3fc89bb1b45b152ed24383264.mp3?source=feed,https://erdbeerfroescheundteppichaepfel.podigee.io/feed/mp3,https://erdbeerfroescheundteppichaepfel.podigee.io/feed/mp3
"Erdbeerfrösche und Teppichäpfel
",https://erdbeerfroescheundteppichaepfel.podigee.io,#26 - Systemische Beratung im Zwangskontext,"Wed, 11 May 2022 05:00:00 +0000",https://audio.podigee-cdn.net/750804-m-fd951243c41334ddf97ad40f6f7b95ef.mp3?source=feed,https://erdbeerfroescheundteppichaepfel.podigee.io/feed/mp3,https://erdbeerfroescheundteppichaepfel.podigee.io/feed/mp3
"Erdbeerfrösche und Teppichäpfel
",https://erdbeerfroescheundteppichaepfel.podigee.io,#25 - Systemisches Denken und personal branding,"Thu, 28 Apr 2022 05:00:00 +0000",https://audio.podigee-cdn.net/740193-m-9a47fd5687c6c0b6845b185574d543d0.mp3?source=feed,https://erdbeerfroescheundteppichaepfel.podigee.io/feed/mp3,https://erdbeerfroescheundteppichaepfel.podigee.io/feed/mp3
"Erdbeerfrösche und Teppichäpfel
",https://erdbeerfroescheundteppichaepfel.podigee.io,#24 - Trauma und systemische Beratung,"Wed, 13 Apr 2022 05:00:00 +0000",https://audio.podigee-cdn.net/728636-m-85a98fd9c95d0608e1a78c0ee7cc66d4.mp3?source=feed,https://erdbeerfroescheundteppichaepfel.podigee.io/feed/mp3,https://erdbeerfroescheundteppichaepfel.podigee.io/feed/mp3
"Erdbeerfrösche und Teppichäpfel
",https://erdbeerfroescheundteppichaepfel.podigee.io,#S01 - Nicht-zertifizierte systemische Weiterbildungen,"Wed, 06 Apr 2022 05:00:00 +0000",https://audio.podigee-cdn.net/709351-m-ce781411a7d5c83ef13cc839081a659e.mp3?source=feed,https://erdbeerfroescheundteppichaepfel.podigee.io/feed/mp3,https://erdbeerfroescheundteppichaepfel.podigee.io/feed/mp3
"Erdbeerfrösche und Teppichäpfel
",https://erdbeerfroescheundteppichaepfel.podigee.io,#23 - Musik in der systemischen Beratung,"Wed, 30 Mar 2022 05:00:00 +0000",https://audio.podigee-cdn.net/709325-m-97237eb4502de3b0eba33fd68f2d6665.mp3?source=feed,https://erdbeerfroescheundteppichaepfel.podigee.io/feed/mp3,https://erdbeerfroescheundteppichaepfel.podigee.io/feed/mp3
"Erdbeerfrösche und Teppichäpfel
",https://erdbeerfroescheundteppichaepfel.podigee.io,#22 - Der provokative Ansatz,"Wed, 16 Mar 2022 06:00:00 +0000",https://audio.podigee-cdn.net/650586-m-eb5273125564ad887249d8981943463f.mp3?source=feed,https://erdbeerfroescheundteppichaepfel.podigee.io/feed/mp3,https://erdbeerfroescheundteppichaepfel.podigee.io/feed/mp3
"Erdbeerfrösche und Teppichäpfel
",https://erdbeerfroescheundteppichaepfel.podigee.io,#21 - Systemische Beratung mit Kindern,"Wed, 02 Mar 2022 06:00:00 +0000",https://audio.podigee-cdn.net/680821-m-ed045b42fda3b58e3dff657c60dde690.mp3?source=feed,https://erdbeerfroescheundteppichaepfel.podigee.io/feed/mp3,https://erdbeerfroescheundteppichaepfel.podigee.io/feed/mp3
"Erdbeerfrösche und Teppichäpfel
",https://erdbeerfroescheundteppichaepfel.podigee.io,#20 - Systemischer Blick auf bindungsorientierte Erziehung,"Wed, 16 Feb 2022 06:00:00 +0000",https://audio.podigee-cdn.net/605284-m-8c1ba4a5e7b7a0579d3ce8808f0e39f6.mp3?source=feed,https://erdbeerfroescheundteppichaepfel.podigee.io/feed/mp3,https://erdbeerfroescheundteppichaepfel.podigee.io/feed/mp3
"Erdbeerfrösche und Teppichäpfel
",https://erdbeerfroescheundteppichaepfel.podigee.io,#19 - Umgang mit Widerstand,"Wed, 02 Feb 2022 06:00:00 +0000",https://audio.podigee-cdn.net/616949-m-ce79dcaa1ad43c174bca431d24019554.mp3?source=feed,https://erdbeerfroescheundteppichaepfel.podigee.io/feed/mp3,https://erdbeerfroescheundteppichaepfel.podigee.io/feed/mp3
"Erdbeerfrösche und Teppichäpfel
",https://erdbeerfroescheundteppichaepfel.podigee.io,#18 - AuftragsklÃĊrung II,"Wed, 19 Jan 2022 06:00:00 +0000",https://audio.podigee-cdn.net/630322-m-b0141f6e43db7fb34d5e4258fd3f6ce7.mp3?source=feed,https://erdbeerfroescheundteppichaepfel.podigee.io/feed/mp3,https://erdbeerfroescheundteppichaepfel.podigee.io/feed/mp3
"Erdbeerfrösche und Teppichäpfel
",https://erdbeerfroescheundteppichaepfel.podigee.io,#17 - AuftragsklÃĊrung I,"Wed, 05 Jan 2022 06:00:00 +0000",https://audio.podigee-cdn.net/630248-m-9b900da797942e1c7232edea90eb110e.mp3?source=feed,https://erdbeerfroescheundteppichaepfel.podigee.io/feed/mp3,https://erdbeerfroescheundteppichaepfel.podigee.io/feed/mp3
"Erdbeerfrösche und Teppichäpfel
",https://erdbeerfroescheundteppichaepfel.podigee.io,#16 - Rituale,"Wed, 22 Dec 2021 06:00:00 +0000",https://audio.podigee-cdn.net/608659-m-ac1559166daf722110306544aa8c4895.mp3?source=feed,https://erdbeerfroescheundteppichaepfel.podigee.io/feed/mp3,https://erdbeerfroescheundteppichaepfel.podigee.io/feed/mp3
"Erdbeerfrösche und Teppichäpfel
",https://erdbeerfroescheundteppichaepfel.podigee.io,#15 - Der KÃ¶rper in der systemischen Beratung,"Wed, 08 Dec 2021 06:00:00 +0000",https://audio.podigee-cdn.net/605283-m-61c86d0fee010efea197d0a2723e54d6.mp3?source=feed,https://erdbeerfroescheundteppichaepfel.podigee.io/feed/mp3,https://erdbeerfroescheundteppichaepfel.podigee.io/feed/mp3
"Erdbeerfrösche und Teppichäpfel
",https://erdbeerfroescheundteppichaepfel.podigee.io,#14 - Nachbarschaftszirkel,"Wed, 24 Nov 2021 06:00:00 +0000",https://audio.podigee-cdn.net/576593-m-ff8c5d3b6b062f8f7c5d8aff337bd9a0.mp3?source=feed,https://erdbeerfroescheundteppichaepfel.podigee.io/feed/mp3,https://erdbeerfroescheundteppichaepfel.podigee.io/feed/mp3
"Erdbeerfrösche und Teppichäpfel
",https://erdbeerfroescheundteppichaepfel.podigee.io,#13 - Genogrammarbeit,"Wed, 10 Nov 2021 06:00:00 +0000",https://audio.podigee-cdn.net/561380-m-e533bbd392da2684326589a0d7615c51.mp3?source=feed,https://erdbeerfroescheundteppichaepfel.podigee.io/feed/mp3,https://erdbeerfroescheundteppichaepfel.podigee.io/feed/mp3
"Erdbeerfrösche und Teppichäpfel
",https://erdbeerfroescheundteppichaepfel.podigee.io,#12 - ZirkulÃĊre Fragen,"Wed, 27 Oct 2021 05:00:00 +0000",https://audio.podigee-cdn.net/561376-m-65576b930142f6b2e0444ff974d6708a.mp3?source=feed,https://erdbeerfroescheundteppichaepfel.podigee.io/feed/mp3,https://erdbeerfroescheundteppichaepfel.podigee.io/feed/mp3
"Erdbeerfrösche und Teppichäpfel
",https://erdbeerfroescheundteppichaepfel.podigee.io,#11 - Let's connect,"Wed, 20 Oct 2021 05:00:00 +0000",https://audio.podigee-cdn.net/561371-m-e97d66b6586af3c266e58d378299808e.mp3?source=feed,https://erdbeerfroescheundteppichaepfel.podigee.io/feed/mp3,https://erdbeerfroescheundteppichaepfel.podigee.io/feed/mp3
"Erdbeerfrösche und Teppichäpfel
",https://erdbeerfroescheundteppichaepfel.podigee.io,#10 - improve: Haltungen,"Wed, 06 Oct 2021 05:00:00 +0000",https://audio.podigee-cdn.net/555700-m-e92658c26266ddf86f9435e9857eb821.mp3?source=feed,https://erdbeerfroescheundteppichaepfel.podigee.io/feed/mp3,https://erdbeerfroescheundteppichaepfel.podigee.io/feed/mp3
"Erdbeerfrösche und Teppichäpfel
",https://erdbeerfroescheundteppichaepfel.podigee.io,#9 - Systemische Theorie in der Lehre,"Wed, 22 Sep 2021 05:00:00 +0000",https://audio.podigee-cdn.net/538459-m-1516d4c741bc58c031ff301bf4d2e2dc.mp3?source=feed,https://erdbeerfroescheundteppichaepfel.podigee.io/feed/mp3,https://erdbeerfroescheundteppichaepfel.podigee.io/feed/mp3
"Erdbeerfrösche und Teppichäpfel
",https://erdbeerfroescheundteppichaepfel.podigee.io,#8 - Kybernetik 2.Ordnung,"Wed, 08 Sep 2021 05:00:00 +0000",https://audio.podigee-cdn.net/537720-m-9903b85665bc2f37107bb3bd88f00d90.mp3?source=feed,https://erdbeerfroescheundteppichaepfel.podigee.io/feed/mp3,https://erdbeerfroescheundteppichaepfel.podigee.io/feed/mp3
"Erdbeerfrösche und Teppichäpfel
",https://erdbeerfroescheundteppichaepfel.podigee.io,#7 - Systemische Theorie in der Praxis,"Wed, 25 Aug 2021 05:00:00 +0000",https://audio.podigee-cdn.net/517092-m-f973bacb511c69c734a93b461f87fc6f.mp3?source=feed,https://erdbeerfroescheundteppichaepfel.podigee.io/feed/mp3,https://erdbeerfroescheundteppichaepfel.podigee.io/feed/mp3
"Erdbeerfrösche und Teppichäpfel
",https://erdbeerfroescheundteppichaepfel.podigee.io,#6 - Ressourcendiagnostik,"Wed, 11 Aug 2021 05:00:00 +0000",https://audio.podigee-cdn.net/504064-m-e48b54e3ed11e3dba8f47403a83b11dc.mp3?source=feed,https://erdbeerfroescheundteppichaepfel.podigee.io/feed/mp3,https://erdbeerfroescheundteppichaepfel.podigee.io/feed/mp3
"Erdbeerfrösche und Teppichäpfel
",https://erdbeerfroescheundteppichaepfel.podigee.io,#5 - Haltungen II,"Wed, 04 Aug 2021 05:00:00 +0000",https://audio.podigee-cdn.net/500854-m-f3ac15cc03eae05cb452e15360f41105.mp3?source=feed,https://erdbeerfroescheundteppichaepfel.podigee.io/feed/mp3,https://erdbeerfroescheundteppichaepfel.podigee.io/feed/mp3
"Erdbeerfrösche und Teppichäpfel
",https://erdbeerfroescheundteppichaepfel.podigee.io,#4 - Haltungen I,"Wed, 28 Jul 2021 05:00:00 +0000",https://audio.podigee-cdn.net/500828-m-5d5214949c8aeaa4863fd3aee35441f4.mp3?source=feed,https://erdbeerfroescheundteppichaepfel.podigee.io/feed/mp3,https://erdbeerfroescheundteppichaepfel.podigee.io/feed/mp3
"Erdbeerfrösche und Teppichäpfel
",https://erdbeerfroescheundteppichaepfel.podigee.io,#3 - Konstruktivismus,"Wed, 14 Jul 2021 05:00:00 +0000",https://audio.podigee-cdn.net/470437-m-9e6c74d5874f9b35c4e2abf09a26852b.mp3?source=feed,https://erdbeerfroescheundteppichaepfel.podigee.io/feed/mp3,https://erdbeerfroescheundteppichaepfel.podigee.io/feed/mp3
"Erdbeerfrösche und Teppichäpfel
",https://erdbeerfroescheundteppichaepfel.podigee.io,#2 - Kontext,"Wed, 30 Jun 2021 05:00:00 +0000",https://audio.podigee-cdn.net/470381-m-1c9b7ad32bea82e979915e84d01a7e37.mp3?source=feed,https://erdbeerfroescheundteppichaepfel.podigee.io/feed/mp3,https://erdbeerfroescheundteppichaepfel.podigee.io/feed/mp3
"Erdbeerfrösche und Teppichäpfel
",https://erdbeerfroescheundteppichaepfel.podigee.io,#1 - Systemisches Denken,"Wed, 16 Jun 2021 05:00:00 +0000",https://audio.podigee-cdn.net/468580-m-015dbf83a87d09e9fbcaa7b6413e2b2b.mp3?source=feed,https://erdbeerfroescheundteppichaepfel.podigee.io/feed/mp3,https://erdbeerfroescheundteppichaepfel.podigee.io/feed/mp3
"Erdbeerfrösche und Teppichäpfel
",https://erdbeerfroescheundteppichaepfel.podigee.io,Intro,"Mon, 14 Jun 2021 05:00:00 +0000",https://audio.podigee-cdn.net/465577-m-819745f6e4aa05edfdfa31e2ef9fb54b.mp3?source=feed,https://erdbeerfroescheundteppichaepfel.podigee.io/feed/mp3,https://erdbeerfroescheundteppichaepfel.podigee.io/feed/mp3
